{
  "version": 1,
  "author": "Uri Shaked",
  "editor": "wokwi",
  "parts": [
    {
      "type": "board-stm32-bluepill",
      "id": "stm32",
      "top": 30.93,
      "left": -85.86,
      "rotate": 270,
      "attrs": {}
    },
    {
      "type": "wokwi-led",
      "id": "led2",
      "top": -3.6,
      "left": -121,
      "attrs": { "color": "yellow" }
    },
    {
      "type": "wokwi-ntc-temperature-sensor",
      "id": "ntc1",
      "top": -26.2,
      "left": -10.2,
      "attrs": {}
    },
    { "type": "wokwi-led", "id": "led1", "top": -3.6, "left": -82.6, "attrs": { "color": "red" } },
    {
      "type": "wokwi-led",
      "id": "led3",
      "top": 15.6,
      "left": -178.6,
      "attrs": { "color": "limegreen" }
    }
  ],
  "connections": [
    [ "stm32:GND.1", "ntc1:GND", "black", [ "v67.2", "h124.8", "v-230.4", "h38.4" ] ],
    [ "ntc1:VCC", "stm32:3V3.1", "red", [ "h19.2", "v153.6", "h0", "v38.4" ] ],
    [ "stm32:A0", "ntc1:OUT", "green", [ "v-46.07", "h115.2" ] ],
    [ "stm32:B0", "led1:C", "green", [ "v0" ] ],
    [ "stm32:GND.3", "led1:A", "black", [ "v-122.87", "h86.4", "v57.6" ] ],
    [ "led2:C", "stm32:B1", "green", [ "v28.8", "h19.6", "v0" ] ],
    [ "stm32:GND.3", "led2:A", "black", [ "v-113.27", "h38.4", "v48" ] ],
    [ "stm32:GND.3", "led3:A", "black", [ "v0" ] ],
    [ "stm32:B10", "led3:C", "green", [ "v21.13", "h-76.8" ] ]
  ],
  "dependencies": {}
}